idx,title_list,view_list,link_list,image_list
0,ğŸ¤ŸğŸ»aespa 'Savage' MV ReactionğŸ¤ŸğŸ»,ì¡°íšŒìˆ˜ 104ë§ŒíšŒ,https://www.youtube.com/watch?v=LIkcrAhjDGo,https://i.ytimg.com/vi/LIkcrAhjDGo/hqdefault.jpg?sqp=-oaymwEcCPYBEIoBSFXyq4qpAw4IARUAAIhCGAFwAcABBg==&rs=AOn4CLDpK-0vNJx6WmEKcwB0jZiyvvKwEg
1,Savage ChallengeğŸ¤Ÿ - KARINA & NINGNING,ì¡°íšŒìˆ˜ 28ë§ŒíšŒ,https://www.youtube.com/watch?v=YEBJ5jYDCbg,https://i.ytimg.com/vi/YEBJ5jYDCbg/hqdefault.jpg?sqp=-oaymwEcCPYBEIoBSFXyq4qpAw4IARUAAIhCGAFwAcABBg==&rs=AOn4CLBd4Go7wvf6t-G5ZbK3miWMOhwq8A
2,Savage ChallengeğŸ¤Ÿ - KARINA & NINGNING,ì¡°íšŒìˆ˜ 20ë§ŒíšŒ,https://www.youtube.com/watch?v=x_bnQysN-5w,https://i.ytimg.com/vi/x_bnQysN-5w/hqdefault.jpg?sqp=-oaymwEcCPYBEIoBSFXyq4qpAw4IARUAAIhCGAFwAcABBg==&rs=AOn4CLDhbfd_I3r_hrthjLDYpq_bx2DoqQ
3,Savage ChallengeğŸ¤Ÿ - WINTER & GISELLE,ì¡°íšŒìˆ˜ 20ë§ŒíšŒ,https://www.youtube.com/watch?v=hTaTINRwfpc,https://i.ytimg.com/vi/hTaTINRwfpc/hqdefault.jpg?sqp=-oaymwEcCPYBEIoBSFXyq4qpAw4IARUAAIhCGAFwAcABBg==&rs=AOn4CLCi8SGfZBXl89cO1Qc7paXA3PcAxQ
4,Savage ChallengeğŸ¤Ÿ - WINTER & GISELLE,ì¡°íšŒìˆ˜ 28ë§ŒíšŒ,https://www.youtube.com/watch?v=A9sDoGh1UtA,https://i.ytimg.com/vi/A9sDoGh1UtA/hqdefault.jpg?sqp=-oaymwEcCPYBEIoBSFXyq4qpAw4IARUAAIhCGAFwAcABBg==&rs=AOn4CLBls2Zw9-55fTQZ739M63StDu61kg
5,aespa ì—ìŠ¤íŒŒ 'Savage' Camerawork Guide for Creators,ì¡°íšŒìˆ˜ 382ë§ŒíšŒ,https://www.youtube.com/watch?v=kZlLTnE1y1Q,https://i.ytimg.com/vi/kZlLTnE1y1Q/hqdefault.jpg?sqp=-oaymwEcCPYBEIoBSFXyq4qpAw4IARUAAIhCGAFwAcABBg==&rs=AOn4CLCMwpyi_u00mDsL1_akoTCA-7gJmQ
6,aespa ì—ìŠ¤íŒŒ 'Savage' SYNK DIVE Clip - WINTER,ì¡°íšŒìˆ˜ 68ë§ŒíšŒ,https://www.youtube.com/watch?v=tgXkJpBtfO8,https://i.ytimg.com/vi/tgXkJpBtfO8/hqdefault.jpg?sqp=-oaymwEcCPYBEIoBSFXyq4qpAw4IARUAAIhCGAFwAcABBg==&rs=AOn4CLC-I3vtFcV90wr-5l3U22L2BQM9zg
7,aespa ì—ìŠ¤íŒŒ 'Savage' SYNK DIVE Clip - GISELLE,ì¡°íšŒìˆ˜ 61ë§ŒíšŒ,https://www.youtube.com/watch?v=WYIHavdhWLo,https://i.ytimg.com/vi/WYIHavdhWLo/hqdefault.jpg?sqp=-oaymwEcCPYBEIoBSFXyq4qpAw4IARUAAIhCGAFwAcABBg==&rs=AOn4CLADubbiRWTlnsEYhYEVSoH2lMOFnQ
8,aespa ì—ìŠ¤íŒŒ 'Savage' SYNK DIVE Clip - NINGNING,ì¡°íšŒìˆ˜ 83ë§ŒíšŒ,https://www.youtube.com/watch?v=tJzax9ljOqo,https://i.ytimg.com/vi/tJzax9ljOqo/hqdefault.jpg?sqp=-oaymwEcCPYBEIoBSFXyq4qpAw4IARUAAIhCGAFwAcABBg==&rs=AOn4CLBeMphpFxKbB3mpv8FV204d5y51sQ
9,aespa ì—ìŠ¤íŒŒ 'Savage' SYNK DIVE Clip - KARINA,ì¡°íšŒìˆ˜ 72ë§ŒíšŒ,https://www.youtube.com/watch?v=mNrIEYkWCEE,https://i.ytimg.com/vi/mNrIEYkWCEE/hqdefault.jpg?sqp=-oaymwEcCPYBEIoBSFXyq4qpAw4IARUAAIhCGAFwAcABBg==&rs=AOn4CLAkxG_S0gberJNlUIq7vbs0n4PTIw
10,aespa ì—ìŠ¤íŒŒ 'Savage' P.O.S (Case Ver.) Concept Clip,ì¡°íšŒìˆ˜ 64ë§ŒíšŒ,https://www.youtube.com/watch?v=HGe4Xv5Zx6Q,https://i.ytimg.com/vi/HGe4Xv5Zx6Q/hqdefault.jpg?sqp=-oaymwEcCPYBEIoBSFXyq4qpAw4IARUAAIhCGAFwAcABBg==&rs=AOn4CLCTofcltWTXzCrJTYmPqw0LW04HTQ
11,aespa ì—ìŠ¤íŒŒ l íƒœì—° TAEYEON 'Weekend' MV Reaction,ì¡°íšŒìˆ˜ 101ë§ŒíšŒ,https://www.youtube.com/watch?v=ntcLklotMm0,https://i.ytimg.com/vi/ntcLklotMm0/hqdefault.jpg?sqp=-oaymwEcCPYBEIoBSFXyq4qpAw4IARUAAIhCGAFwAcABBg==&rs=AOn4CLDahQMAZwasWSDDGHAUVGrTn_QbcQ
12,aespa ì—ìŠ¤íŒŒ 'Next Level' aespa Company ver. Dance Practice,ì¡°íšŒìˆ˜ 1177ë§ŒíšŒ,https://www.youtube.com/watch?v=IMpXNQ-MLT4,https://i.ytimg.com/vi/IMpXNQ-MLT4/hqdefault.jpg?sqp=-oaymwEcCPYBEIoBSFXyq4qpAw4IARUAAIhCGAFwAcABBg==&rs=AOn4CLCDPt2u44p7oG5M-aDpQXrtJk78hA
13,ì—ìŠ¤íŒŒ ì§€ì¼œ!ã…£aespa ì—ìŠ¤íŒŒ 'Next Level' ìŒì•…ë°©ì†¡ ë¹„í•˜ì¸ë“œ,ì¡°íšŒìˆ˜ 75ë§ŒíšŒ,https://www.youtube.com/watch?v=FPGk1A9Op1M,https://i.ytimg.com/vi/FPGk1A9Op1M/hqdefault.jpg?sqp=-oaymwEcCPYBEIoBSFXyq4qpAw4IARUAAIhCGAFwAcABBg==&rs=AOn4CLDgSvfDLr4E4v92bs40Xr1hSRLKpw
14,aespa ì—ìŠ¤íŒŒ 'ep1. Black Mamba' - SM Culture Universe Behind The Scenes,ì¡°íšŒìˆ˜ 170ë§ŒíšŒ,https://www.youtube.com/watch?v=5PSHerY3RdU,https://i.ytimg.com/vi/5PSHerY3RdU/hqdefault.jpg?sqp=-oaymwEcCPYBEIoBSFXyq4qpAw4IARUAAIhCGAFwAcABBg==&rs=AOn4CLBXGrEsIk-3m5FKeLLxePmT57V07Q
15,aespa ì—ìŠ¤íŒŒ 'Next Level' MV Behind The Scenes,ì¡°íšŒìˆ˜ 128ë§ŒíšŒ,https://www.youtube.com/watch?v=sRVfjgqz0pA,https://i.ytimg.com/vi/sRVfjgqz0pA/hqdefault.jpg?sqp=-oaymwEcCPYBEIoBSFXyq4qpAw4IARUAAIhCGAFwAcABBg==&rs=AOn4CLAbP9Gt4VvOeUyhT-WJoijIQ9AUtg
16,aespa ì—ìŠ¤íŒŒ 'Next Level' Jacket Behind The Scenes,ì¡°íšŒìˆ˜ 141ë§ŒíšŒ,https://www.youtube.com/watch?v=j4YMtK9j_zQ,https://i.ytimg.com/vi/j4YMtK9j_zQ/hqdefault.jpg?sqp=-oaymwEcCPYBEIoBSFXyq4qpAw4IARUAAIhCGAFwAcABBg==&rs=AOn4CLC4sVBrUTrnQhOmkKueGGblS-oUTA
17,New BagğŸ‘œâœ¨ | GIVENCHY Photoshoot Behind The Scenes,ì¡°íšŒìˆ˜ 36ë§ŒíšŒ,https://www.youtube.com/watch?v=fLMsRh_W9OI,https://i.ytimg.com/vi/fLMsRh_W9OI/hqdefault.jpg?sqp=-oaymwEcCPYBEIoBSFXyq4qpAw4IARUAAIhCGAFwAcABBg==&rs=AOn4CLDMkaYd91voGw6NE44jSEN2j1xcAw
18,ì´ë²ˆ ì˜ìƒì€ City ëŠë‚Œ~ğŸŒ‡âœ¨ | aespa ì—ìŠ¤íŒŒ 'Next Level' The Performance Stage Behind,ì¡°íšŒìˆ˜ 96ë§ŒíšŒ,https://www.youtube.com/watch?v=XgFm3WMv5wI,https://i.ytimg.com/vi/XgFm3WMv5wI/hqdefault.jpg?sqp=-oaymwEcCPYBEIoBSFXyq4qpAw4IARUAAIhCGAFwAcABBg==&rs=AOn4CLAU3Qr7xC27aO5SUoepiezzArjy1w
19,Thatâ€™s my nÃ¦vis Itâ€™s my nÃ¦vis | Choreography video Behind The Scenes,ì¡°íšŒìˆ˜ 149ë§ŒíšŒ,https://www.youtube.com/watch?v=UEfDDkOiFJw,https://i.ytimg.com/vi/UEfDDkOiFJw/hqdefault.jpg?sqp=-oaymwEcCPYBEIoBSFXyq4qpAw4IARUAAIhCGAFwAcABBg==&rs=AOn4CLAWWWTbmtDxoDBbs4CQcAAVxwFk3w
20,aespa ì—ìŠ¤íŒŒ 'Next Level' The Performance Stage #3,ì¡°íšŒìˆ˜ 794ë§ŒíšŒ,https://www.youtube.com/watch?v=82CnK4M2sxo,https://i.ytimg.com/vi/82CnK4M2sxo/hqdefault.jpg?sqp=-oaymwEcCPYBEIoBSFXyq4qpAw4IARUAAIhCGAFwAcABBg==&rs=AOn4CLA8SoxHdzdbmZ95mqV8w8gSSnOrng
21,ë‹¤ ì˜í•  ì¤€ë¹„ëì£ ?ğŸ˜‰ | aespa ì—ìŠ¤íŒŒ â€˜Next Levelâ€™ ì‘ì›ë²•,ì¡°íšŒìˆ˜ 71ë§ŒíšŒ,https://www.youtube.com/watch?v=B9Is5RIpeuI,https://i.ytimg.com/vi/B9Is5RIpeuI/hqdefault.jpg?sqp=-oaymwEcCPYBEIoBSFXyq4qpAw4IARUAAIhCGAFwAcABBg==&rs=AOn4CLAXgvy44c8ppGBUjTqbxoda8gn8Wg
22,aespa ì—ìŠ¤íŒŒ 'Next Level' The Performance Stage #2,ì¡°íšŒìˆ˜ 849ë§ŒíšŒ,https://www.youtube.com/watch?v=hehFXvnWyKo,https://i.ytimg.com/vi/hehFXvnWyKo/hqdefault.jpg?sqp=-oaymwEcCPYBEIoBSFXyq4qpAw4IARUAAIhCGAFwAcABBg==&rs=AOn4CLCL2Ey6CX9axPgIN_4n33PzqwUWzA
23,aespa ì—ìŠ¤íŒŒ Reactionã…£TAEMIN â€˜Advice' ğŸ¹ MV,ì¡°íšŒìˆ˜ 89ë§ŒíšŒ,https://www.youtube.com/watch?v=WijEApjdYqk,https://i.ytimg.com/vi/WijEApjdYqk/hqdefault.jpg?sqp=-oaymwEcCPYBEIoBSFXyq4qpAw4IARUAAIhCGAFwAcABBg==&rs=AOn4CLDwxEcgzbzLXiU3enqgA9zi7ZjMMg
24,[ê³µìœ ] aespa - Next Level ì„ ìƒë‹˜ ì•ˆë¬´ ì»¨íŒ ì˜ìƒ ê³µìœ ì˜ ê±´,ì¡°íšŒìˆ˜ 2329ë§ŒíšŒ,https://www.youtube.com/watch?v=VZVSy8H-uzY,https://i.ytimg.com/vi/VZVSy8H-uzY/hqdefault.jpg?sqp=-oaymwEcCPYBEIoBSFXyq4qpAw4IARUAAIhCGAFwAcABBg==&rs=AOn4CLAITaqs-WmCeunlWYQ0aXGD4UGFLw
25,aespa ì—ìŠ¤íŒŒ 'Next Level' The Performance Stage #1,ì¡°íšŒìˆ˜ 1098ë§ŒíšŒ,https://www.youtube.com/watch?v=z58k37I4Crs,https://i.ytimg.com/vi/z58k37I4Crs/hqdefault.jpg?sqp=-oaymwEcCPYBEIoBSFXyq4qpAw4IARUAAIhCGAFwAcABBg==&rs=AOn4CLCovesK4BuDpST7Irj6WcZ9W9YaVw
26,âš”ï¸ aespa 'Next Level' MV Reactionâš”ï¸,ì¡°íšŒìˆ˜ 312ë§ŒíšŒ,https://www.youtube.com/watch?v=YBAhQBJksMw,https://i.ytimg.com/vi/YBAhQBJksMw/hqdefault.jpg?sqp=-oaymwEcCPYBEIoBSFXyq4qpAw4IARUAAIhCGAFwAcABBg==&rs=AOn4CLDm7rH1sL3G_5dT0J8R1kZQJ9ZU6A
27,aespa ì—ìŠ¤íŒŒ 'ep1. Black Mamba' - SM Culture Universe,ì¡°íšŒìˆ˜ 1073ë§ŒíšŒ,https://www.youtube.com/watch?v=vbH4Lk5wYWg,https://i.ytimg.com/vi/vbH4Lk5wYWg/hqdefault.jpg?sqp=-oaymwEcCPYBEIoBSFXyq4qpAw4IARUAAIhCGAFwAcABBg==&rs=AOn4CLAjyEIfZb-RAwa6NkPvGa0Air5zdQ
28,Whatâ€™s in my bag with aespağŸ‘œ #2,ì¡°íšŒìˆ˜ 191ë§ŒíšŒ,https://www.youtube.com/watch?v=rNS283VxzMc,https://i.ytimg.com/vi/rNS283VxzMc/hqdefault.jpg?sqp=-oaymwEcCPYBEIoBSFXyq4qpAw4IARUAAIhCGAFwAcABBg==&rs=AOn4CLC1pqPB1q1LIT-X9M8sBjWexDGpKQ
29,aespa ì—ìŠ¤íŒŒ DAZED with GIVENCHY Photoshoot Behind The Scenes,ì¡°íšŒìˆ˜ 113ë§ŒíšŒ,https://www.youtube.com/watch?v=dnovLCb8lSQ,https://i.ytimg.com/vi/dnovLCb8lSQ/hqdefault.jpg?sqp=-oaymwEcCPYBEIoBSFXyq4qpAw4IARUAAIhCGAFwAcABBg==&rs=AOn4CLC0nokCNGEX2usXox4YZc0Rax_N4w
30,Whatâ€™s in my bag with aespağŸ‘œ #1,ì¡°íšŒìˆ˜ 220ë§ŒíšŒ,https://www.youtube.com/watch?v=xUEKF5FNmPQ,https://i.ytimg.com/vi/xUEKF5FNmPQ/hqdefault.jpg?sqp=-oaymwEcCPYBEIoBSFXyq4qpAw4IARUAAIhCGAFwAcABBg==&rs=AOn4CLCsZLwRB70WkqEbzVIRetwYzpeBjg
31,aespa ì—ìŠ¤íŒŒ Reaction | SHINee â€˜Donâ€™t Call Meâ€™ â˜âŒ MV,ì¡°íšŒìˆ˜ 153ë§ŒíšŒ,https://www.youtube.com/watch?v=alHFUMLcMQU,https://i.ytimg.com/vi/alHFUMLcMQU/hqdefault.jpg?sqp=-oaymwEcCPYBEIoBSFXyq4qpAw4IARUAAIhCGAFwAcABBg==&rs=AOn4CLD4NbJMddQ-T0uOsQSMsYb3wrm8aQ
32,ì—¬ëŸ¬ë¶„ ë¦½ìŠ¤í‹±ì€ ì‚¬ì„œ ì“°ì„¸ìš”ğŸ˜‰ğŸ’‹ | SYNK TIME with KARINA,ì¡°íšŒìˆ˜ 98ë§ŒíšŒ,https://www.youtube.com/watch?v=qQ02F-GfgXM,https://i.ytimg.com/vi/qQ02F-GfgXM/hqdefault.jpg?sqp=-oaymwEcCPYBEIoBSFXyq4qpAw4IARUAAIhCGAFwAcABBg==&rs=AOn4CLCTaDnIgJCFwCX--7das1NNIJVc1A
33,ë°˜ì§âœ¨ë°˜ì§âœ¨ì»¤ìŠ¤í…€ ì‹ ë°œğŸ¦‹ | SYNK TIME with NINGNING,ì¡°íšŒìˆ˜ 91ë§ŒíšŒ,https://www.youtube.com/watch?v=SAt62jd2db4,https://i.ytimg.com/vi/SAt62jd2db4/hqdefault.jpg?sqp=-oaymwEcCPYBEIoBSFXyq4qpAw4IARUAAIhCGAFwAcABBg==&rs=AOn4CLCBmT7NyGxaGQPbRyWPeY8PQACaLQ
34,"""Simple is the bestâœ¨"" | SYNK TIME with GISELLE",ì¡°íšŒìˆ˜ 45ë§ŒíšŒ,https://www.youtube.com/watch?v=CQtxO3pzyc4,https://i.ytimg.com/vi/CQtxO3pzyc4/hqdefault.jpg?sqp=-oaymwEcCPYBEIoBSFXyq4qpAw4IARUAAIhCGAFwAcABBg==&rs=AOn4CLDC_c-IxNl1Nsh5fwref346NL3rNA
35,ë•…ì½©ì•„ğŸ¶ğŸ¥œ ì—¬ê¸°ë´ ì œë°œ~ | SYNK TIME with WINTER,ì¡°íšŒìˆ˜ 65ë§ŒíšŒ,https://www.youtube.com/watch?v=5bi0H7VNqKE,https://i.ytimg.com/vi/5bi0H7VNqKE/hqdefault.jpg?sqp=-oaymwEcCPYBEIoBSFXyq4qpAw4IARUAAIhCGAFwAcABBg==&rs=AOn4CLDiV15qSA7sgnPD-USXhKRfjFdCFw
36,aespa ì—ìŠ¤íŒŒ 'Forever (ì•½ì†)' The Performance Stage Behind The Scenes,ì¡°íšŒìˆ˜ 47ë§ŒíšŒ,https://www.youtube.com/watch?v=oImGj_JuSrM,https://i.ytimg.com/vi/oImGj_JuSrM/hqdefault.jpg?sqp=-oaymwEcCPYBEIoBSFXyq4qpAw4IARUAAIhCGAFwAcABBg==&rs=AOn4CLDyz7z3_j51wM_XMUYYkjDgTgEK5g
37,ì›ë˜ ìš”ì •ë“¤ì€ ğŸ’¯ì  ë§Œì ì— 1ğŸ˜‡ğŸ˜‡4ì  | ğŸ§šğŸ»â€â™€ë½€ì—ë²„ ìš”ì •ë‹¨ğŸ§šğŸ»â€â™€ #3,ì¡°íšŒìˆ˜ 34ë§ŒíšŒ,https://www.youtube.com/watch?v=JwgT6p3d6tI,https://i.ytimg.com/vi/JwgT6p3d6tI/hqdefault.jpg?sqp=-oaymwEcCPYBEIoBSFXyq4qpAw4IARUAAIhCGAFwAcABBg==&rs=AOn4CLCLXQwjFhrODIAVxLwERQNcVBpFaQ
38,aespa ì—ìŠ¤íŒŒ 'Forever (ì•½ì†)' MV Behind The Scenes,ì¡°íšŒìˆ˜ 42ë§ŒíšŒ,https://www.youtube.com/watch?v=vMeoR3og40s,https://i.ytimg.com/vi/vMeoR3og40s/hqdefault.jpg?sqp=-oaymwEcCPYBEIoBSFXyq4qpAw4IARUAAIhCGAFwAcABBg==&rs=AOn4CLATgpRAM59dxKldIF3EiraVIcYyDA
39,ì‹ í˜¸ê°€ ë¶ˆì•ˆì •í•©ë‹ˆë‹¤ | ğŸ§šğŸ»â€â™€ï¸ë½€ì—ë²„ ìš”ì •ë‹¨ğŸ§šğŸ»â€â™€ï¸ #2,ì¡°íšŒìˆ˜ 53ë§ŒíšŒ,https://www.youtube.com/watch?v=G86AwZk960I,https://i.ytimg.com/vi/G86AwZk960I/hqdefault.jpg?sqp=-oaymwEcCPYBEIoBSFXyq4qpAw4IARUAAIhCGAFwAcABBg==&rs=AOn4CLACopEI1X0ukZ0osVb4mzGrEmsW6Q
40,aespa is now new Givenchy ambassador!,ì¡°íšŒìˆ˜ 58ë§ŒíšŒ,https://www.youtube.com/watch?v=JFDUMn5z6-A,https://i.ytimg.com/vi/JFDUMn5z6-A/hqdefault.jpg?sqp=-oaymwEcCPYBEIoBSFXyq4qpAw4IARUAAIhCGAFwAcABBg==&rs=AOn4CLDd-EeUJBp_HXwUoYjdE29YVO3Njg
41,ìš”ì • ë“±ì¥âœ¨ì¸ê°„ ì„¸ìƒì— ë†€ëŸ¬ ì™”ì–´ìš”ğŸ’“ | ğŸ§šğŸ»â€â™€ï¸ë½€ì—ë²„ ìš”ì •ë‹¨ğŸ§šğŸ»â€â™€ï¸ #1,ì¡°íšŒìˆ˜ 56ë§ŒíšŒ,https://www.youtube.com/watch?v=uaGWqxIzW10,https://i.ytimg.com/vi/uaGWqxIzW10/hqdefault.jpg?sqp=-oaymwEcCPYBEIoBSFXyq4qpAw4IARUAAIhCGAFwAcABBg==&rs=AOn4CLBuRj1_0-G2iRSYz4lsX6tttOZaOg
42,aespa ì—ìŠ¤íŒŒ 'Forever (ì•½ì†)' The Performance Stage (Romantic Street Ver.),ì¡°íšŒìˆ˜ 261ë§ŒíšŒ,https://www.youtube.com/watch?v=Y6sfNV51ae0,https://i.ytimg.com/vi/Y6sfNV51ae0/hqdefault.jpg?sqp=-oaymwEcCPYBEIoBSFXyq4qpAw4IARUAAIhCGAFwAcABBg==&rs=AOn4CLAlEBu1H27_l9iEFKsbsRl2q7UBOg
43,aespa ì—ìŠ¤íŒŒ 'Forever (ì•½ì†)' The Performance Stage (Glitter Snowball Ver.),ì¡°íšŒìˆ˜ 138ë§ŒíšŒ,https://www.youtube.com/watch?v=0m0vMRgZbWo,https://i.ytimg.com/vi/0m0vMRgZbWo/hqdefault.jpg?sqp=-oaymwEcCPYBEIoBSFXyq4qpAw4IARUAAIhCGAFwAcABBg==&rs=AOn4CLDYCky6kIPok3xuv9aChP_8YS7esg
44,ì—¬ëŸ¬ë¶„ ì €í¬ ì˜¤ëŠ˜ ì‹ ì¸ìƒ ë°›ì•˜ì–´ìš”ğŸ¥ºğŸ‰ | aespa ì—ìŠ¤íŒŒ â€˜ì„œìš¸ê°€ìš”ëŒ€ìƒâ€™ ë¹„í•˜ì¸ë“œ,ì¡°íšŒìˆ˜ 77ë§ŒíšŒ,https://www.youtube.com/watch?v=cAOP3sckZx8,https://i.ytimg.com/vi/cAOP3sckZx8/hqdefault.jpg?sqp=-oaymwEcCPYBEIoBSFXyq4qpAw4IARUAAIhCGAFwAcABBg==&rs=AOn4CLCvIPi_2tr42rqJ3Purmla6LIGfig
45,aespa ì—ìŠ¤íŒŒ 'Forever (ì•½ì†)' The Performance Stage (Cozy Winter Cabin Ver.),ì¡°íšŒìˆ˜ 221ë§ŒíšŒ,https://www.youtube.com/watch?v=8UnLnqQnZAM,https://i.ytimg.com/vi/8UnLnqQnZAM/hqdefault.jpg?sqp=-oaymwEcCPYBEIoBSFXyq4qpAw4IARUAAIhCGAFwAcABBg==&rs=AOn4CLA5n8_pK-_ehSuQFGORdG47cYgaFA
46,aespa ì—ìŠ¤íŒŒ 'Black Mamba' The Debut Stage Behind The Scenes,ì¡°íšŒìˆ˜ 80ë§ŒíšŒ,https://www.youtube.com/watch?v=o1AEJLWlEI0,https://i.ytimg.com/vi/o1AEJLWlEI0/hqdefault.jpg?sqp=-oaymwEcCPYBEIoBSFXyq4qpAw4IARUAAIhCGAFwAcABBg==&rs=AOn4CLB7RMqs34O3DEXo9Akb5uHk3eLgdg
47,"aespa ì—ìŠ¤íŒŒ 'SYNK, Ã¦spa' Behind The Scenes",ì¡°íšŒìˆ˜ 74ë§ŒíšŒ,https://www.youtube.com/watch?v=eTIMNsnAPyM,https://i.ytimg.com/vi/eTIMNsnAPyM/hqdefault.jpg?sqp=-oaymwEcCPYBEIoBSFXyq4qpAw4IARUAAIhCGAFwAcABBg==&rs=AOn4CLBk7ty6J04EZbYMAY0WKy0fCkMOZQ
48,ì—ìŠ¤íŒŒğŸ¤ â†’ ì—ìŠ¤íŒŒğŸ‘©ğŸ»â€ğŸ’¼ | aespa TMI ì¸í„°ë·°,ì¡°íšŒìˆ˜ 53ë§ŒíšŒ,https://www.youtube.com/watch?v=xaQMEikeZ3o,https://i.ytimg.com/vi/xaQMEikeZ3o/hqdefault.jpg?sqp=-oaymwEcCPYBEIoBSFXyq4qpAw4IARUAAIhCGAFwAcABBg==&rs=AOn4CLBelMhc9pcb587tpHqJk0vWFef1pA
49,aespa ì—ìŠ¤íŒŒ 'Black Mamba' Jacket Behind The Scenes,ì¡°íšŒìˆ˜ 97ë§ŒíšŒ,https://www.youtube.com/watch?v=6FY2B2ORi5k,https://i.ytimg.com/vi/6FY2B2ORi5k/hqdefault.jpg?sqp=-oaymwEcCPYBEIoBSFXyq4qpAw4IARUAAIhCGAFwAcABBg==&rs=AOn4CLC3EMT_R2hDB7H2gyCaGEPNoVlmBw
50,ì•ìœ¼ë¡œ í™”ì´íŒ…! ì—ìŠ¤íŒŒì´íŒ…!ğŸ’ª | aespa ì—ìŠ¤íŒŒ â€˜Black Mambaâ€™ ìŒì•…ë°©ì†¡ ë¹„í•˜ì¸ë“œ,ì¡°íšŒìˆ˜ 96ë§ŒíšŒ,https://www.youtube.com/watch?v=3EfqbzvLj3o,https://i.ytimg.com/vi/3EfqbzvLj3o/hqdefault.jpg?sqp=-oaymwEcCPYBEIoBSFXyq4qpAw4IARUAAIhCGAFwAcABBg==&rs=AOn4CLDntetip6Bb1B27JTmJYdg8n4QsUA
51,aespa ì—ìŠ¤íŒŒ 'Black Mamba' Techwear ver. Dance Practice,ì¡°íšŒìˆ˜ 731ë§ŒíšŒ,https://www.youtube.com/watch?v=pgjQkcYD-rQ,https://i.ytimg.com/vi/pgjQkcYD-rQ/hqdefault.jpg?sqp=-oaymwEcCPYBEIoBSFXyq4qpAw4IARUAAIhCGAFwAcABBg==&rs=AOn4CLAUEZPKOgNNOl0TzuKz_y0KtfWm5g
52,aespa ì—ìŠ¤íŒŒ 'Black Mamba' MV Behind The Scenes,ì¡°íšŒìˆ˜ 188ë§ŒíšŒ,https://www.youtube.com/watch?v=IwAvRPWyTw0,https://i.ytimg.com/vi/IwAvRPWyTw0/hqdefault.jpg?sqp=-oaymwEcCPYBEIoBSFXyq4qpAw4IARUAAIhCGAFwAcABBg==&rs=AOn4CLBRzPyt4ZYbrkQrnoNXQGzYE2zPYQ
53,ğŸˆHappy New Year MY!ğŸˆ,ì¡°íšŒìˆ˜ 29ë§ŒíšŒ,https://www.youtube.com/watch?v=Ug-jMSPSLRE,https://i.ytimg.com/vi/Ug-jMSPSLRE/hqdefault.jpg?sqp=-oaymwEcCPYBEIoBSFXyq4qpAw4IARUAAIhCGAFwAcABBg==&rs=AOn4CLBJUiwdeih58_mFec3U-_rfFHyV-w
54,ê¹œì§ ìœˆí„°ìƒíŒŒğŸ‰ğŸ‚ H.B.D WINTERğŸ’«,ì¡°íšŒìˆ˜ 109ë§ŒíšŒ,https://www.youtube.com/watch?v=tNc0RnNAmFg,https://i.ytimg.com/vi/tNc0RnNAmFg/hqdefault.jpg?sqp=-oaymwEcCPYBEIoBSFXyq4qpAw4IARUAAIhCGAFwAcABBg==&rs=AOn4CLD7abO1VzmNPdZUO3J7lvPQdEJGeg
55,ì‰¿! MYë“¤ì—ê²Œë§Œ ì•Œë ¤ì¤„ê²ŒğŸ¤« | ğŸ„MerrY MerrY aespağŸ„ #2,ì¡°íšŒìˆ˜ 48ë§ŒíšŒ,https://www.youtube.com/watch?v=MxCE1sn2dLk,https://i.ytimg.com/vi/MxCE1sn2dLk/hqdefault.jpg?sqp=-oaymwEcCPYBEIoBSFXyq4qpAw4IARUAAIhCGAFwAcABBg==&rs=AOn4CLCVKTPwZIbtfeMhKyHkzNJ9K8GT0Q
56,ì¹˜ì—´í•œ ìŠ¤ì›¨í„° ìŸíƒˆì „!ğŸ§¶ | ğŸ„MerrY MerrY aespağŸ„ #1,ì¡°íšŒìˆ˜ 108ë§ŒíšŒ,https://www.youtube.com/watch?v=-GuPw7kUMAE,https://i.ytimg.com/vi/-GuPw7kUMAE/hqdefault.jpg?sqp=-oaymwEcCPYBEIoBSFXyq4qpAw4IARUAAIhCGAFwAcABBg==&rs=AOn4CLANvoK50SEjqXfWQTgCLTGmxowW0Q
57,"4êµì‹œ íŠ¹ë³„í™œë™ğŸ‚ ì¼€ì´í¬ ê¾¸ë¯¸ê¸° | âœ¨MY time, aespa!âœ¨",ì¡°íšŒìˆ˜ 76ë§ŒíšŒ,https://www.youtube.com/watch?v=5I-3Bahhr7M,https://i.ytimg.com/vi/5I-3Bahhr7M/hqdefault.jpg?sqp=-oaymwEcCPYBEIoBSFXyq4qpAw4IARUAAIhCGAFwAcABBg==&rs=AOn4CLDQUp5vrUzqDiGZX3A1y_1IjnIKhg
58,"3êµì‹œ ì²´ìœ¡ ì‹œê°„ğŸ¾ ëª¸ìœ¼ë¡œ ë§í•´ìš” | âœ¨MY time, aespa!âœ¨",ì¡°íšŒìˆ˜ 81ë§ŒíšŒ,https://www.youtube.com/watch?v=xcr_8x9G8fI,https://i.ytimg.com/vi/xcr_8x9G8fI/hqdefault.jpg?sqp=-oaymwEcCPYBEIoBSFXyq4qpAw4IARUAAIhCGAFwAcABBg==&rs=AOn4CLDeUEEe32bxO9VKV-4gWdznacTAmw
59,"2êµì‹œ ë¯¸ìˆ  ì‹œê°„ğŸ’Œ ì„œë¡œì—ê²Œ í¸ì§€ ì“°ê¸° | âœ¨MY time, aespa!âœ¨",ì¡°íšŒìˆ˜ 81ë§ŒíšŒ,https://www.youtube.com/watch?v=7wRs-2PfZGk,https://i.ytimg.com/vi/7wRs-2PfZGk/hqdefault.jpg?sqp=-oaymwEcCPYBEIoBSFXyq4qpAw4IARUAAIhCGAFwAcABBg==&rs=AOn4CLBNbR6GaoS9LaxP_SHwP5jqqLstpQ
60,"1êµì‹œ ìê¸°ì†Œê°œğŸ““ GISELLE & NINGNING | âœ¨MY time, aespa!âœ¨",ì¡°íšŒìˆ˜ 143ë§ŒíšŒ,https://www.youtube.com/watch?v=ByraneOaLIQ,https://i.ytimg.com/vi/ByraneOaLIQ/hqdefault.jpg?sqp=-oaymwEcCPYBEIoBSFXyq4qpAw4IARUAAIhCGAFwAcABBg==&rs=AOn4CLBVWrDqGFUDqnRElfBj9aBcxRaWzg
61,"1êµì‹œ ìê¸°ì†Œê°œğŸ““ KARINA & WINTER | âœ¨MY time, aespa!âœ¨",ì¡°íšŒìˆ˜ 237ë§ŒíšŒ,https://www.youtube.com/watch?v=l70hgNTAPdo,https://i.ytimg.com/vi/l70hgNTAPdo/hqdefault.jpg?sqp=-oaymwEcCPYBEIoBSFXyq4qpAw4IARUAAIhCGAFwAcABBg==&rs=AOn4CLArqDIXLiK-Uv6zhhgwFFOvSRLX7Q
62,aespa ì—ìŠ¤íŒŒ 'Black Mamba' Dance Practice,ì¡°íšŒìˆ˜ 2424ë§ŒíšŒ,https://www.youtube.com/watch?v=NU611fxGyPU,https://i.ytimg.com/vi/NU611fxGyPU/hqdefault.jpg?sqp=-oaymwEcCPYBEIoBSFXyq4qpAw4IARUAAIhCGAFwAcABBg==&rs=AOn4CLDABsPiCwkIQ5Fohx6-NEPWTOt-4g
63,aespa ì—ìŠ¤íŒŒ 'Black Mamba' The Debut Stage,ì¡°íšŒìˆ˜ 1588ë§ŒíšŒ,https://www.youtube.com/watch?v=Ky5RT5oGg0w,https://i.ytimg.com/vi/Ky5RT5oGg0w/hqdefault.jpg?sqp=-oaymwEcCPYBEIoBSFXyq4qpAw4IARUAAIhCGAFwAcABBg==&rs=AOn4CLCvIaqh_lYlDg6WjO8LHdpsmgJEWg
64,"aespa ì—ìŠ¤íŒŒ - SYNK, KARINA",ì¡°íšŒìˆ˜ 447ë§ŒíšŒ,https://www.youtube.com/watch?v=Hcu-Nr3wdGw,https://i.ytimg.com/vi/Hcu-Nr3wdGw/hqdefault.jpg?sqp=-oaymwEcCPYBEIoBSFXyq4qpAw4IARUAAIhCGAFwAcABBg==&rs=AOn4CLCRdpOuJOWKQV6jn0Y4C2SC5DzwgQ
65,"aespa ì—ìŠ¤íŒŒ - SYNK, NINGNING",ì¡°íšŒìˆ˜ 525ë§ŒíšŒ,https://www.youtube.com/watch?v=bONr7tZ7VIU,https://i.ytimg.com/vi/bONr7tZ7VIU/hqdefault.jpg?sqp=-oaymwEcCPYBEIoBSFXyq4qpAw4IARUAAIhCGAFwAcABBg==&rs=AOn4CLDd5XG7VydDJda_lM78k27pufOXnQ
66,"aespa ì—ìŠ¤íŒŒ - SYNK, GISELLE",ì¡°íšŒìˆ˜ 645ë§ŒíšŒ,https://www.youtube.com/watch?v=pBvw2_e8Ws8,https://i.ytimg.com/vi/pBvw2_e8Ws8/hqdefault.jpg?sqp=-oaymwEcCPYBEIoBSFXyq4qpAw4IARUAAIhCGAFwAcABBg==&rs=AOn4CLD1X3RCfPyEgQiXG8b6lHNW-CfD1g
67,"aespa ì—ìŠ¤íŒŒ - SYNK, WINTER",ì¡°íšŒìˆ˜ 459ë§ŒíšŒ,https://www.youtube.com/watch?v=846_pp-6oWk,https://i.ytimg.com/vi/846_pp-6oWk/hqdefault.jpg?sqp=-oaymwEcCPYBEIoBSFXyq4qpAw4IARUAAIhCGAFwAcABBg==&rs=AOn4CLCKo--zjVGPQhbYZOXxFPFGyR1gWQ
68,"aespa ì—ìŠ¤íŒŒ - SYNK, Ã¦spa",ì¡°íšŒìˆ˜ 289ë§ŒíšŒ,https://www.youtube.com/watch?v=4PQnizkqhnk,https://i.ytimg.com/vi/4PQnizkqhnk/hqdefault.jpg?sqp=-oaymwEcCPYBEIoBSFXyq4qpAw4IARUAAIhCGAFwAcABBg==&rs=AOn4CLDOVyCQz8qZm5PmCbeW4Mr-TgVNlA
69,"aespa ì—ìŠ¤íŒŒ â€˜MY, KARINAâ€™",ì¡°íšŒìˆ˜ 704ë§ŒíšŒ,https://www.youtube.com/watch?v=VuguHFfbJ1w,https://i.ytimg.com/vi/VuguHFfbJ1w/hqdefault.jpg?sqp=-oaymwEcCPYBEIoBSFXyq4qpAw4IARUAAIhCGAFwAcABBg==&rs=AOn4CLCwhNDRrL4aqkolDX7rG6KnfEx2cQ
70,aespa ì—ìŠ¤íŒŒ: INTRO,ì¡°íšŒìˆ˜ 178ë§ŒíšŒ,https://www.youtube.com/watch?v=C0CXJR_ZbDE,https://i.ytimg.com/vi/C0CXJR_ZbDE/hqdefault.jpg?sqp=-oaymwEcCPYBEIoBSFXyq4qpAw4IARUAAIhCGAFwAcABBg==&rs=AOn4CLAiuH1OcT4Pr1AliVtoUYEEvF0w6g
